{"camera_settings": [{"id": "", "name": "", "captured_image_size": {"width": 400.0, "height": 400.0}, "intrinsic_settings": {"fx": 308.8888854980469, "fy": 308.8888854980469, "cx": 320.0, "cy": 240.0, "s": 0, "hfov": 76.0940855248701, "resolution": {"width": 400.0, "height": 400.0}}}]}