{"genotype": [0.5595949802260495, 0.43718254391648365, -0.5889636372358049, 0.5539290722228353, -0.018896736162511377, -0.2674685837503172, 0.6656590770552808, 0.2581270621835976, -0.17484242864454982], "distance": -10.321851170532973, "MSE": 194180.65215063072, "DTW": 1286062.5997944192, "2_Angle": 17.39485573294716, "4_Angle": 16.64820275809496, "All_Angle": 51.07298346977609}